timestamp,value_complex,regime,regime_type
0,5.2483570765056164,1,mean_shift
1,4.930867849414407,1,mean_shift
2,5.323844269050346,1,mean_shift
3,5.761514928204012,1,mean_shift
4,4.882923312638332,1,mean_shift
5,4.88293152152541,1,mean_shift
6,5.789606407753696,1,mean_shift
7,5.383717364576454,1,mean_shift
8,4.765262807032524,1,mean_shift
9,5.2712800217929825,1,mean_shift
10,4.768291153593768,1,mean_shift
11,4.767135123214872,1,mean_shift
12,5.120981135783017,1,mean_shift
13,4.043359877671101,1,mean_shift
14,4.137541083743484,1,mean_shift
15,4.718856235379514,1,mean_shift
16,4.493584439832788,1,mean_shift
17,5.157123666297637,1,mean_shift
18,4.545987962239394,1,mean_shift
19,4.293848149332354,1,mean_shift
20,5.732824384460777,1,mean_shift
21,4.8871118497567325,1,mean_shift
22,5.033764102343962,1,mean_shift
23,4.287625906893272,1,mean_shift
24,4.727808637737409,1,mean_shift
25,5.055461294854933,1,mean_shift
26,4.424503211288848,1,mean_shift
27,5.187849009172836,1,mean_shift
28,4.699680655040598,1,mean_shift
29,4.854153125103362,1,mean_shift
30,4.699146693885302,1,mean_shift
31,5.926139092254469,1,mean_shift
32,4.993251387631033,1,mean_shift
33,4.47114453552205,1,mean_shift
34,5.411272456051594,1,mean_shift
35,4.389578175014488,1,mean_shift
36,5.104431797502378,1,mean_shift
37,4.0201649380601125,1,mean_shift
38,4.335906975550785,1,mean_shift
39,5.098430617934562,1,mean_shift
40,5.369233289997705,1,mean_shift
41,5.085684140594985,1,mean_shift
42,4.9421758588058795,1,mean_shift
43,4.849448152205356,1,mean_shift
44,4.260739004816286,1,mean_shift
45,4.640077895802646,1,mean_shift
46,4.769680614520106,1,mean_shift
47,5.528561113109458,1,mean_shift
48,5.1718091447842305,1,mean_shift
49,4.118479922318633,1,mean_shift
50,5.162041984697398,1,mean_shift
51,4.807458859791842,1,mean_shift
52,4.6615389998470205,1,mean_shift
53,5.305838144420434,1,mean_shift
54,5.515499761247975,1,mean_shift
55,5.465640059558099,1,mean_shift
56,4.580391238388681,1,mean_shift
57,4.845393812074393,1,mean_shift
58,5.165631715701782,1,mean_shift
59,5.48777256356118,1,mean_shift
60,4.760412881077355,1,mean_shift
61,4.907170511668092,1,mean_shift
62,4.446832512996986,1,mean_shift
63,4.401896687959665,1,mean_shift
64,5.406262911197099,1,mean_shift
65,5.678120014285412,1,mean_shift
66,4.963994939209833,1,mean_shift
67,5.501766448946012,1,mean_shift
68,5.180818012523817,1,mean_shift
69,4.677440122697438,1,mean_shift
70,5.1806978027542065,1,mean_shift
71,5.769018283232985,1,mean_shift
72,4.9820869804450245,1,mean_shift
73,5.782321827907003,1,mean_shift
74,3.6901274479551276,1,mean_shift
75,5.410951252187612,1,mean_shift
76,5.043523534119085,1,mean_shift
77,4.850496324767066,1,mean_shift
78,5.045880388267751,1,mean_shift
79,4.006215542699554,1,mean_shift
80,4.890164056081244,1,mean_shift
81,5.178556285755874,1,mean_shift
82,5.738947022370758,1,mean_shift
83,4.740864890863176,1,mean_shift
84,4.595753198553406,1,mean_shift
85,4.749121478207732,1,mean_shift
86,5.457701058851037,1,mean_shift
87,5.164375554829842,1,mean_shift
88,4.735119898116481,1,mean_shift
89,5.256633716556678,1,mean_shift
90,5.04853877467402,1,mean_shift
91,5.484322495266444,1,mean_shift
92,4.648973453061323,1,mean_shift
93,4.836168926701116,1,mean_shift
94,4.803945923433921,1,mean_shift
95,4.268242525933941,1,mean_shift
96,5.148060138532288,1,mean_shift
97,5.130527636089945,1,mean_shift
98,5.00255672832123,1,mean_shift
99,4.882706433312427,1,mean_shift
100,4.292314628974793,1,mean_shift
101,4.78967733861732,1,mean_shift
102,4.828642741736616,1,mean_shift
103,4.59886136538919,1,mean_shift
104,4.919357144166995,1,mean_shift
105,5.20202542840727,1,mean_shift
106,5.943092950605265,1,mean_shift
107,5.087288906415919,1,mean_shift
108,5.128775195361382,1,mean_shift
109,4.962777042116916,1,mean_shift
110,4.040614392350479,1,mean_shift
111,4.986743062275392,1,mean_shift
112,5.0301151049705135,1,mean_shift
113,6.231621056242643,1,mean_shift
114,4.903819517609438,1,mean_shift
115,5.150773671166807,1,mean_shift
116,4.982644115147378,1,mean_shift
117,4.415660981190234,1,mean_shift
118,5.571411407257511,1,mean_shift
119,5.375966516343387,1,mean_shift
120,5.3955159735215235,1,mean_shift
121,4.54530627260263,1,mean_shift
122,5.701397155468049,1,mean_shift
123,4.29907446860386,1,mean_shift
124,5.293428546900135,1,mean_shift
125,6.095227812904989,1,mean_shift
126,4.504731837434655,1,mean_shift
127,4.716851135198614,1,mean_shift
128,5.049825682543821,1,mean_shift
129,4.7482621729419,1,mean_shift
130,15.851496706487278,1,mean_shift
131,5.034281487403014,1,mean_shift
132,4.468848143136947,1,mean_shift
133,5.23679621531759,1,mean_shift
134,4.540287882883098,1,mean_shift
135,5.77496720250877,1,mean_shift
136,4.608373353831881,1,mean_shift
137,4.838969241897162,1,mean_shift
138,5.406758608684835,1,mean_shift
139,4.3845678417830225,1,mean_shift
140,5.113729967302064,1,mean_shift
141,5.653571377141214,1,mean_shift
142,4.196258382719386,1,mean_shift
143,5.092316929266152,1,mean_shift
144,5.129941397124211,1,mean_shift
145,5.390911435888655,1,mean_shift
146,4.381524644560959,1,mean_shift
147,4.339771693457862,1,mean_shift
148,5.260970782808449,1,mean_shift
149,5.148492336616593,1,mean_shift
150,5.125246425172938,1,mean_shift
151,5.1732241047484875,1,mean_shift
152,4.659987639210755,1,mean_shift
153,5.116126848580501,1,mean_shift
154,5.14653623664934,1,mean_shift
155,4.642824290986816,1,mean_shift
156,5.932887255572378,1,mean_shift
157,5.236916460455894,1,mean_shift
158,4.404348251398676,1,mean_shift
159,5.328276804316915,1,mean_shift
160,4.5126591648863394,1,mean_shift
161,5.393542301871226,1,mean_shift
162,5.579297789503702,1,mean_shift
163,4.5896588408241445,1,mean_shift
164,5.481688064622161,1,mean_shift
165,5.206390463468249,1,mean_shift
166,5.411030079997245,1,mean_shift
167,5.948396491326974,1,mean_shift
168,4.877305941998565,1,mean_shift
169,4.623131917821255,1,mean_shift
170,4.555242785187239,1,mean_shift
171,4.592094857517281,1,mean_shift
172,4.961449145292948,1,mean_shift
173,5.170575987408322,1,mean_shift
174,5.13834539966501,1,mean_shift
175,5.413591624518012,1,mean_shift
176,5.006500945938954,1,mean_shift
177,5.726767038578658,1,mean_shift
178,4.867671583381022,1,mean_shift
179,6.360084583294809,1,mean_shift
180,5.312833673882503,1,mean_shift
181,4.571421221791859,1,mean_shift
182,4.4645537509694435,1,mean_shift
183,5.241236207621593,1,mean_shift
184,4.888268607337075,1,mean_shift
185,5.357000247046046,1,mean_shift
186,5.236618812286772,1,mean_shift
187,16.59041396569191,1,mean_shift
188,4.576603140965798,1,mean_shift
189,4.242576387657068,1,mean_shift
190,4.776742523966489,1,mean_shift
191,5.428199397161736,1,mean_shift
192,5.107046872065102,1,mean_shift
193,4.377130610644006,1,mean_shift
194,5.086590462925591,1,mean_shift
195,5.192658689864419,1,mean_shift
196,4.558071281899434,1,mean_shift
197,5.076862552972764,1,mean_shift
198,5.029104359223,1,mean_shift
199,4.428514851084689,1,mean_shift
200,3.3577873603482833,2,trend_shift
201,3.5807845263682343,2,trend_shift
202,4.1230512431752775,2,trend_shift
203,4.113802052034903,2,trend_shift
204,1.702330632042909,2,trend_shift
205,2.162174960084877,2,trend_shift
206,3.63503526720866,2,trend_shift
207,3.653785950912209,2,trend_shift
208,3.675047686306048,2,trend_shift
209,7.032731490654721,2,trend_shift
210,3.7708905106931674,2,trend_shift
211,4.355565640180599,2,trend_shift
212,4.194001763493203,2,trend_shift
213,3.9113912513057976,2,trend_shift
214,2.9647307553596547,2,trend_shift
215,4.0589692204932675,2,trend_shift
216,2.547174785462428,2,trend_shift
217,3.103181393259991,2,trend_shift
218,2.8746364521708965,2,trend_shift
219,15.088702561406668,2,trend_shift
220,5.714658566673508,2,trend_shift
221,1.5527348074082519,2,trend_shift
222,4.126260190374514,2,trend_shift
223,1.8472841288103483,2,trend_shift
224,3.0080681342105664,2,trend_shift
225,4.588950596967366,2,trend_shift
226,3.5842800190954627,2,trend_shift
227,2.462255222070694,2,trend_shift
228,2.844696290740032,2,trend_shift
229,4.2595977489346755,2,trend_shift
230,2.869633368282863,2,trend_shift
231,3.836458589581975,2,trend_shift
232,3.685571839903814,2,trend_shift
233,3.008399652394183,2,trend_shift
234,5.823944089325326,2,trend_shift
235,4.333919022318011,2,trend_shift
236,1.6948574133423926,2,trend_shift
237,3.926454314769428,2,trend_shift
238,3.098213535231612,2,trend_shift
239,4.632433334796224,2,trend_shift
240,3.0074792615672994,2,trend_shift
241,3.705263558533101,2,trend_shift
242,4.344987278980457,2,trend_shift
243,4.725755194170121,2,trend_shift
244,2.6797035929442234,2,trend_shift
245,3.5654987641590514,2,trend_shift
246,3.445054688839044,2,trend_shift
247,3.286670767426288,2,trend_shift
248,5.725454240281097,2,trend_shift
249,4.384981710960956,2,trend_shift
250,2.7391160456649546,2,trend_shift
251,4.937861947054776,2,trend_shift
252,6.162156197012633,2,trend_shift
253,5.092465260551148,2,trend_shift
254,2.5606300340459867,2,trend_shift
255,3.615765927133748,2,trend_shift
256,5.386911149186623,2,trend_shift
257,3.4323305343812196,2,trend_shift
258,4.603819428146228,2,trend_shift
259,4.954634053429336,2,trend_shift
260,3.2730695284219173,2,trend_shift
261,4.160474643938199,2,trend_shift
262,0.9987326599309276,2,trend_shift
263,3.23561235866571,2,trend_shift
264,4.02743184860684,2,trend_shift
265,3.0522168180351503,2,trend_shift
266,5.952411303931635,2,trend_shift
267,2.9098586220393674,2,trend_shift
268,3.9199555133030164,2,trend_shift
269,4.510740577286091,2,trend_shift
270,5.841273289066116,2,trend_shift
271,2.9841378488205605,2,trend_shift
272,5.603163752154959,2,trend_shift
273,4.470233061019587,2,trend_shift
274,3.4984913489520495,2,trend_shift
275,4.96210347426327,2,trend_shift
276,4.71905969557347,2,trend_shift
277,3.9397831228412055,2,trend_shift
278,4.629802084990019,2,trend_shift
279,4.19468640313824,2,trend_shift
280,4.7135173452512475,2,trend_shift
281,5.282130674521047,2,trend_shift
282,6.226016816145353,2,trend_shift
283,3.422184501173151,2,trend_shift
284,6.813033374656266,2,trend_shift
285,2.747912200477498,2,trend_shift
286,4.5682149049644165,2,trend_shift
287,5.328317206484577,2,trend_shift
288,5.040991867735032,2,trend_shift
289,4.157300480179407,2,trend_shift
290,4.591877749642725,2,trend_shift
291,4.326999065341168,2,trend_shift
292,4.250635243055788,2,trend_shift
293,5.709602097021025,2,trend_shift
294,5.237015485965047,2,trend_shift
295,4.207090404739346,2,trend_shift
296,5.8195998754332505,2,trend_shift
297,5.2472995208766084,2,trend_shift
298,5.77286211883896,2,trend_shift
299,5.609628841923612,2,trend_shift
300,4.171004989077928,2,trend_shift
301,4.45981895980303,2,trend_shift
302,5.787293605123262,2,trend_shift
303,5.670370265433466,2,trend_shift
304,5.059098406035852,2,trend_shift
305,5.217327383308781,2,trend_shift
306,6.3976648957884255,2,trend_shift
307,4.54842861116417,2,trend_shift
308,5.707097381170038,2,trend_shift
309,4.977807347566106,2,trend_shift
310,4.98231879677278,2,trend_shift
311,6.318776851987191,2,trend_shift
312,6.06541634898803,2,trend_shift
313,6.073509636000638,2,trend_shift
314,6.585478807154329,2,trend_shift
315,5.32100384163276,2,trend_shift
316,6.001952971294964,2,trend_shift
317,5.029733243406544,2,trend_shift
318,5.684166352488441,2,trend_shift
319,5.249856945632315,2,trend_shift
320,5.496995964992719,2,trend_shift
321,6.015157025436913,2,trend_shift
322,4.621779316766527,2,trend_shift
323,7.55238727568546,2,trend_shift
324,4.473982618500298,2,trend_shift
325,4.285811387212268,2,trend_shift
326,6.678110873500067,2,trend_shift
327,6.331662693962936,2,trend_shift
328,6.184119817052156,2,trend_shift
329,6.20834550926428,2,trend_shift
330,5.587753227153085,2,trend_shift
331,4.7227456285141685,2,trend_shift
332,5.715804558193727,2,trend_shift
333,4.982838288487889,2,trend_shift
334,6.6551197334177505,2,trend_shift
335,5.552942618497862,2,trend_shift
336,4.894502803207489,2,trend_shift
337,5.418614158347006,2,trend_shift
338,6.172931454275624,2,trend_shift
339,5.2162754471960255,2,trend_shift
340,4.977779604433569,2,trend_shift
341,6.063687211491913,2,trend_shift
342,6.084966571108723,2,trend_shift
343,5.35305682462887,2,trend_shift
344,5.408961694381677,2,trend_shift
345,6.132049937357636,2,trend_shift
346,4.471915658502676,2,trend_shift
347,4.532536225623444,2,trend_shift
348,5.241555778747564,2,trend_shift
349,5.766552848288153,2,trend_shift
350,6.310907565598004,2,trend_shift
351,7.495356216949552,2,trend_shift
352,6.89765962320202,2,trend_shift
353,5.900061470036573,2,trend_shift
354,6.0609837920973115,2,trend_shift
355,5.097470635362191,2,trend_shift
356,6.10148686400761,2,trend_shift
357,5.851341361079863,2,trend_shift
358,6.48271856033809,2,trend_shift
359,5.352769056447677,2,trend_shift
360,6.719346514241172,2,trend_shift
361,7.752738913002578,2,trend_shift
362,6.1312398515431425,2,trend_shift
363,6.661711722098941,2,trend_shift
364,6.9701439917111125,2,trend_shift
365,5.898779528114164,2,trend_shift
366,6.544092481810417,2,trend_shift
367,6.352592400781795,2,trend_shift
368,6.4576760985488315,2,trend_shift
369,5.606990216144533,2,trend_shift
370,6.424510174258943,2,trend_shift
371,6.91799829124545,2,trend_shift
372,7.891143607795041,2,trend_shift
373,7.4192708260852065,2,trend_shift
374,8.633182457511557,2,trend_shift
375,5.73265243711195,2,trend_shift
376,7.392320636720678,2,trend_shift
377,6.723342005738352,2,trend_shift
378,8.749802933217673,2,trend_shift
379,5.771701714644848,2,trend_shift
380,5.760278157819224,2,trend_shift
381,6.0206073545559775,2,trend_shift
382,4.516104275690194,2,trend_shift
383,6.134244978319239,2,trend_shift
384,5.9208673384463015,2,trend_shift
385,6.850393786476208,2,trend_shift
386,7.06175597577716,2,trend_shift
387,8.616170839215886,2,trend_shift
388,7.71042383818605,2,trend_shift
389,6.203096344337597,2,trend_shift
390,5.901585328651643,2,trend_shift
391,7.311919171506506,2,trend_shift
392,5.5197667929793575,2,trend_shift
393,8.691458765854353,2,trend_shift
394,8.059440120721288,2,trend_shift
395,6.430824347895296,2,trend_shift
396,5.206865470909122,2,trend_shift
397,8.293872374165412,2,trend_shift
398,6.845460154747382,2,trend_shift
399,8.217816311973461,2,trend_shift
400,-1.1888553175887342,3,variance_shift
401,0.8012499540924543,3,variance_shift
402,2.010487399436366,3,variance_shift
403,2.093961187529484,3,variance_shift
404,1.0998690570415128,3,variance_shift
405,3.2456998646949975,3,variance_shift
406,-0.13524085876518877,3,variance_shift
407,1.715241029957413,3,variance_shift
408,2.2405912634237977,3,variance_shift
409,3.028877668117498,3,variance_shift
410,3.4232297561777796,3,variance_shift
411,-0.24928418367573846,3,variance_shift
412,-1.0682283414712446,3,variance_shift
413,4.555353643797018,3,variance_shift
414,2.6646280239591835,3,variance_shift
415,0.5030269268868928,3,variance_shift
416,5.102303951045046,3,variance_shift
417,2.2313492685857175,3,variance_shift
418,4.358594368127653,3,variance_shift
419,2.1350369628202177,3,variance_shift
420,6.121495849763974,3,variance_shift
421,5.510681684886409,3,variance_shift
422,1.5020717030418531,3,variance_shift
423,3.943141901908711,3,variance_shift
424,3.290751899170295,3,variance_shift
425,4.737263115064698,3,variance_shift
426,0.07015307883979105,3,variance_shift
427,3.3721029199968786,3,variance_shift
428,4.116848973699176,3,variance_shift
429,-1.5174789728462286,3,variance_shift
430,-0.3665170253315502,3,variance_shift
431,-2.078464355520201,3,variance_shift
432,1.4611863311108846,3,variance_shift
433,3.4350845115919246,3,variance_shift
434,5.004714104192056,3,variance_shift
435,2.1481895608395503,3,variance_shift
436,5.257231091142584,3,variance_shift
437,-0.7602029164297828,3,variance_shift
438,-1.4067648787103093,3,variance_shift
439,1.8889046022067624,3,variance_shift
440,2.7681308978786143,3,variance_shift
441,1.9346105038118138,3,variance_shift
442,-2.134884200079753,3,variance_shift
443,1.821759920974423,3,variance_shift
444,-0.6089390010097064,3,variance_shift
445,3.339345097660077,3,variance_shift
446,2.7331964921936964,3,variance_shift
447,0.1202404273452895,3,variance_shift
448,0.9722661653266129,3,variance_shift
449,-0.11842704377790314,3,variance_shift
450,1.8746418054536562,3,variance_shift
451,3.9102846410024767,3,variance_shift
452,0.028547907328912547,3,variance_shift
453,3.008093031035689,3,variance_shift
454,0.9394847632551184,3,variance_shift
455,0.41425433547531165,3,variance_shift
456,1.7859392800908844,3,variance_shift
457,-0.07048464483874817,3,variance_shift
458,0.8927013893056359,3,variance_shift
459,-0.39575578517769694,3,variance_shift
460,5.929450265832779,3,variance_shift
461,2.070527103943457,3,variance_shift
462,0.6005489840148288,3,variance_shift
463,2.427959821468444,3,variance_shift
464,1.7753439006183402,3,variance_shift
465,1.558060800933554,3,variance_shift
466,3.2283334000868504,3,variance_shift
467,3.51501542009461,3,variance_shift
468,0.9389977047789451,3,variance_shift
469,0.84836351871064,3,variance_shift
470,1.449896605696712,3,variance_shift
471,-2.6038423294711697,3,variance_shift
472,-1.0303821243971045,3,variance_shift
473,4.733748534889049,3,variance_shift
474,5.289935427002567,3,variance_shift
475,1.5019279208872434,3,variance_shift
476,3.1531139261115326,3,variance_shift
477,2.622500309087072,3,variance_shift
478,8.157761616910475,3,variance_shift
479,4.2391498228691535,3,variance_shift
480,1.744164817038467,3,variance_shift
481,0.08891911879914849,3,variance_shift
482,-1.212892640515145,3,variance_shift
483,2.406927271734446,3,variance_shift
484,0.4872985094313933,3,variance_shift
485,-0.8445074191953483,3,variance_shift
486,0.7068542315149469,3,variance_shift
487,-0.16309600722878992,3,variance_shift
488,5.3742832701451295,3,variance_shift
489,3.763279513898901,3,variance_shift
490,1.9840547173667653,3,variance_shift
491,4.959888277780052,3,variance_shift
492,2.1547366152952367,3,variance_shift
493,0.27743159734347267,3,variance_shift
494,5.046248154539315,3,variance_shift
495,3.077820087369317,3,variance_shift
496,-0.07449230865291279,3,variance_shift
497,1.6193226438327837,3,variance_shift
498,0.24876349323048563,3,variance_shift
499,-0.7655994619286721,3,variance_shift
500,3.8523550950632828,3,variance_shift
501,5.818833280940261,3,variance_shift
502,-0.7971351476382824,3,variance_shift
503,3.125938473381142,3,variance_shift
504,0.6987148617563461,3,variance_shift
505,1.025749232470608,3,variance_shift
506,0.8152121515222617,3,variance_shift
507,0.27201846064036794,3,variance_shift
508,2.097043255889654,3,variance_shift
509,0.33809976717792445,3,variance_shift
510,2.5409136515596775,3,variance_shift
511,1.899523781101726,3,variance_shift
512,1.5221039062671804,3,variance_shift
513,0.18487267591680423,3,variance_shift
514,0.8464573388633345,3,variance_shift
515,3.510782451651512,3,variance_shift
516,3.0018343752487615,3,variance_shift
517,0.0448895104028979,3,variance_shift
518,2.1986646108584518,3,variance_shift
519,3.502774246743578,3,variance_shift
520,-1.3388105622427435,3,variance_shift
521,3.08672038475987,3,variance_shift
522,0.6747524821083066,3,variance_shift
523,3.141197337186319,3,variance_shift
524,0.4734816869149663,3,variance_shift
525,-1.609764201329038,3,variance_shift
526,-1.2550848757663253,3,variance_shift
527,2.096169893322764,3,variance_shift
528,2.519445003442964,3,variance_shift
529,0.19136674979118284,3,variance_shift
530,3.277184917554748,3,variance_shift
531,-1.3230401245379197,3,variance_shift
532,1.8678404027053668,3,variance_shift
533,-0.42203239952491334,3,variance_shift
534,0.6963277843956817,3,variance_shift
535,2.094797342632828,3,variance_shift
536,0.2791732694320952,3,variance_shift
537,1.2308889115403492,3,variance_shift
538,4.012585618428881,3,variance_shift
539,0.8462162609537025,3,variance_shift
540,3.671384224130284,3,variance_shift
541,-0.2594137093152362,3,variance_shift
542,3.059608355830566,3,variance_shift
543,4.883137241315801,3,variance_shift
544,-2.9432890002545786,3,variance_shift
545,0.4062094890590464,3,variance_shift
546,3.1541442543610803,3,variance_shift
547,1.5939092279140146,3,variance_shift
548,2.7422917467426178,3,variance_shift
549,0.7920296265683588,3,variance_shift
550,2.1731795749457996,3,variance_shift
551,1.688645529215841,3,variance_shift
552,4.335564123319615,3,variance_shift
553,2.5088416866024263,3,variance_shift
554,2.6752053241504044,3,variance_shift
555,1.1762460677550652,3,variance_shift
556,1.024787551855013,3,variance_shift
557,1.134883624360758,3,variance_shift
558,2.788904284756594,3,variance_shift
559,1.158031038359474,3,variance_shift
560,2.579549713792826,3,variance_shift
561,6.150801597290878,3,variance_shift
562,3.742249406863385,3,variance_shift
563,1.3479529356643178,3,variance_shift
564,4.40242784432789,3,variance_shift
565,1.1838492539568972,3,variance_shift
566,-2.0762490703557077,3,variance_shift
567,-0.016172621834808165,3,variance_shift
568,-1.7415838420517114,3,variance_shift
569,1.2969730319173827,3,variance_shift
570,2.0368367583791036,3,variance_shift
571,5.352874624550566,3,variance_shift
572,2.6538547475283254,3,variance_shift
573,1.5617989423822716,3,variance_shift
574,3.6588111623669786,3,variance_shift
575,-2.4222706180157703,3,variance_shift
576,2.471229116217132,3,variance_shift
577,3.5417303877739337,3,variance_shift
578,-0.9571724915596831,3,variance_shift
579,4.287508086413858,3,variance_shift
580,2.6769928149888282,3,variance_shift
581,1.1694241721983976,3,variance_shift
582,3.26556373221257,3,variance_shift
583,6.541385715608792,3,variance_shift
584,2.36373251011699,3,variance_shift
585,2.4964411726006723,3,variance_shift
586,1.0812782009195119,3,variance_shift
587,0.3003112610704164,3,variance_shift
588,3.660671633088491,3,variance_shift
589,0.28783234818226555,3,variance_shift
590,13.76996089645913,3,variance_shift
591,1.0446851064697666,3,variance_shift
592,2.957959651492784,3,variance_shift
593,2.667324210573897,3,variance_shift
594,4.075079888515798,3,variance_shift
595,0.9799672022905059,3,variance_shift
596,1.4602501294132575,3,variance_shift
597,0.04247256843538527,3,variance_shift
598,1.1114134798477768,3,variance_shift
599,2.7546009860897045,3,variance_shift
600,1.2270965849936055,4,periodicity_shift
601,0.9580021003070587,4,periodicity_shift
602,1.724407267594119,4,periodicity_shift
603,2.0876771072508054,4,periodicity_shift
604,2.0057083494058197,4,periodicity_shift
605,14.250527337567586,4,periodicity_shift
606,1.9813887318313492,4,periodicity_shift
607,1.9631133752891263,4,periodicity_shift
608,1.8929686997714468,4,periodicity_shift
609,2.9303458043394612,4,periodicity_shift
610,2.6963096969062175,4,periodicity_shift
611,2.4648571096195697,4,periodicity_shift
612,2.5105753623386766,4,periodicity_shift
613,1.998863072093039,4,periodicity_shift
614,2.947251085447469,4,periodicity_shift
615,2.0994265263723895,4,periodicity_shift
616,1.9144963168201776,4,periodicity_shift
617,1.898715736778928,4,periodicity_shift
618,1.6078282610834351,4,periodicity_shift
619,1.301816904844086,4,periodicity_shift
620,0.7628576633664066,4,periodicity_shift
621,0.9067888095804526,4,periodicity_shift
622,1.1010818573800898,4,periodicity_shift
623,0.7226402642371734,4,periodicity_shift
624,0.5962781095531096,4,periodicity_shift
625,-11.840853296729522,4,periodicity_shift
626,-0.5104069376399952,4,periodicity_shift
627,-0.3742458623124461,4,periodicity_shift
628,-0.4098673007561219,4,periodicity_shift
629,-0.15327505535142188,4,periodicity_shift
630,-1.007739388914446,4,periodicity_shift
631,-0.022667415054522577,4,periodicity_shift
632,-0.4739871440164273,4,periodicity_shift
633,-0.46457410726677795,4,periodicity_shift
634,-0.5171568041404717,4,periodicity_shift
635,-0.5571171733395521,4,periodicity_shift
636,0.3652732967498643,4,periodicity_shift
637,0.34100964054720073,4,periodicity_shift
638,0.14948623851526233,4,periodicity_shift
639,0.37682467082056853,4,periodicity_shift
640,0.8992645902129612,4,periodicity_shift
641,1.7353581551471624,4,periodicity_shift
642,1.3856480861533393,4,periodicity_shift
643,1.2300428636738878,4,periodicity_shift
644,1.807954959212925,4,periodicity_shift
645,1.9788431008555198,4,periodicity_shift
646,1.4044594986799492,4,periodicity_shift
647,2.320221326327209,4,periodicity_shift
648,2.3573044153801272,4,periodicity_shift
649,2.690394420336732,4,periodicity_shift
650,3.0546868284836037,4,periodicity_shift
651,2.819502019757034,4,periodicity_shift
652,2.3459181672762814,4,periodicity_shift
653,2.0045520136600503,4,periodicity_shift
654,2.9855334325373795,4,periodicity_shift
655,2.0784257019841674,4,periodicity_shift
656,1.885856666012594,4,periodicity_shift
657,1.673748223476321,4,periodicity_shift
658,1.5229509197927782,4,periodicity_shift
659,1.1913435739831653,4,periodicity_shift
660,0.8279013979359295,4,periodicity_shift
661,0.6012906200675354,4,periodicity_shift
662,0.5266485273727799,4,periodicity_shift
663,0.15598681905054962,4,periodicity_shift
664,-0.09553161324185847,4,periodicity_shift
665,-0.02873110347225081,4,periodicity_shift
666,-0.29001865678867733,4,periodicity_shift
667,0.11468811029225578,4,periodicity_shift
668,-1.2218757169606336,4,periodicity_shift
669,-0.15408045531596815,4,periodicity_shift
670,-0.12617444225071128,4,periodicity_shift
671,-1.1035495806151512,4,periodicity_shift
672,-0.5293910526668353,4,periodicity_shift
673,-0.44794204608129023,4,periodicity_shift
674,-0.635778999977768,4,periodicity_shift
675,-0.2940051780570853,4,periodicity_shift
676,-0.2148506320784589,4,periodicity_shift
677,0.8446953834177671,4,periodicity_shift
678,0.8171780263818165,4,periodicity_shift
679,1.146814830937902,4,periodicity_shift
680,1.2165016192129698,4,periodicity_shift
681,0.8959361661951756,4,periodicity_shift
682,1.3061694116784857,4,periodicity_shift
683,1.827798117977696,4,periodicity_shift
684,1.5150395357711255,4,periodicity_shift
685,2.274559700831538,4,periodicity_shift
686,2.1414278721149804,4,periodicity_shift
687,2.2240635440176715,4,periodicity_shift
688,2.639872764903777,4,periodicity_shift
689,2.6148115043385185,4,periodicity_shift
690,2.391710150254276,4,periodicity_shift
691,2.8293314519019814,4,periodicity_shift
692,2.1022657761627612,4,periodicity_shift
693,2.521290468365832,4,periodicity_shift
694,2.391455868952935,4,periodicity_shift
695,1.967796239985624,4,periodicity_shift
696,1.979517785111346,4,periodicity_shift
697,1.3056516766937312,4,periodicity_shift
698,1.7407335973244948,4,periodicity_shift
699,1.1791810566274492,4,periodicity_shift
700,0.843183093844289,4,periodicity_shift
701,1.08005107019072,4,periodicity_shift
702,0.32517140127475463,4,periodicity_shift
703,-0.10352413851838599,4,periodicity_shift
704,-0.34866663049588004,4,periodicity_shift
705,0.12114281362387047,4,periodicity_shift
706,-0.597654297311307,4,periodicity_shift
707,0.18992846831275878,4,periodicity_shift
708,-1.0511635968078465,4,periodicity_shift
709,0.02740439959430563,4,periodicity_shift
710,-0.43669475983921446,4,periodicity_shift
711,-0.5105464444538246,4,periodicity_shift
712,-0.5900605004854156,4,periodicity_shift
713,-0.2167689519769304,4,periodicity_shift
714,-0.2248159022898779,4,periodicity_shift
715,0.2703303928251372,4,periodicity_shift
716,0.1525904161599014,4,periodicity_shift
717,0.36410477882924336,4,periodicity_shift
718,0.4273908447734185,4,periodicity_shift
719,0.748264615323331,4,periodicity_shift
720,1.0923405306676166,4,periodicity_shift
721,0.7216011797633589,4,periodicity_shift
722,1.0590698649307086,4,periodicity_shift
723,1.9039649778161323,4,periodicity_shift
724,1.9329375098770913,4,periodicity_shift
725,2.0054651708740137,4,periodicity_shift
726,2.21905567148204,4,periodicity_shift
727,2.4407842978910517,4,periodicity_shift
728,2.2646568703499215,4,periodicity_shift
729,2.2480410932720125,4,periodicity_shift
730,2.5587535765293046,4,periodicity_shift
731,2.188020677608197,4,periodicity_shift
732,2.5490606011570724,4,periodicity_shift
733,1.8257347050111994,4,periodicity_shift
734,2.5222721827601164,4,periodicity_shift
735,2.202439416503736,4,periodicity_shift
736,1.9584867987328733,4,periodicity_shift
737,1.9757930447929744,4,periodicity_shift
738,1.9631678249011928,4,periodicity_shift
739,1.538962717065788,4,periodicity_shift
740,0.4477377306005078,4,periodicity_shift
741,0.38147521241894855,4,periodicity_shift
742,0.34902893512887395,4,periodicity_shift
743,0.32684156545393234,4,periodicity_shift
744,0.2736198277020282,4,periodicity_shift
745,-0.27838331572586106,4,periodicity_shift
746,-0.15749546221929545,4,periodicity_shift
747,-0.5631246659885498,4,periodicity_shift
748,-0.6100401153403145,4,periodicity_shift
749,-0.9035308399471733,4,periodicity_shift
750,-0.7769699738332713,4,periodicity_shift
751,-0.887037892577607,4,periodicity_shift
752,-0.7193467503359308,4,periodicity_shift
753,-0.02041724730020006,4,periodicity_shift
754,-0.4983451582120032,4,periodicity_shift
755,0.729054447671394,4,periodicity_shift
756,0.26631749182555586,4,periodicity_shift
757,0.37446508749913715,4,periodicity_shift
758,0.2789671743832159,4,periodicity_shift
759,0.9754412662623484,4,periodicity_shift
760,0.8273086521286663,4,periodicity_shift
761,1.2712546419539545,4,periodicity_shift
762,2.2315508530430557,4,periodicity_shift
763,1.6521677796919227,4,periodicity_shift
764,2.226459876324407,4,periodicity_shift
765,1.8497072442420512,4,periodicity_shift
766,2.203028944413333,4,periodicity_shift
767,2.8677499769732058,4,periodicity_shift
768,2.2384946571063997,4,periodicity_shift
769,3.025267078291785,4,periodicity_shift
770,2.7123255806366426,4,periodicity_shift
771,2.3127924781244267,4,periodicity_shift
772,2.616307096159387,4,periodicity_shift
773,2.628276121170573,4,periodicity_shift
774,2.4000684802275822,4,periodicity_shift
775,1.5895927558126868,4,periodicity_shift
776,1.6635367256912548,4,periodicity_shift
777,1.6067301589438692,4,periodicity_shift
778,1.4411954628324064,4,periodicity_shift
779,1.4208533268255474,4,periodicity_shift
780,1.0533103002799777,4,periodicity_shift
781,0.36474499482662365,4,periodicity_shift
782,0.650533863739372,4,periodicity_shift
783,0.5021899739758295,4,periodicity_shift
784,0.28625925594060353,4,periodicity_shift
785,0.26357404588656935,4,periodicity_shift
786,0.03665115480225267,4,periodicity_shift
787,-0.1987557625140218,4,periodicity_shift
788,-0.44763448788032545,4,periodicity_shift
789,-0.9798207909475039,4,periodicity_shift
790,-0.3711145342602242,4,periodicity_shift
791,-0.41922620474377376,4,periodicity_shift
792,-0.34511112328411886,4,periodicity_shift
793,-0.7195343590286447,4,periodicity_shift
794,-0.5378424536849022,4,periodicity_shift
795,0.25528568422004744,4,periodicity_shift
796,0.1064555754042879,4,periodicity_shift
797,0.523464459602462,4,periodicity_shift
798,0.544970021276718,4,periodicity_shift
799,0.7742751442883794,4,periodicity_shift
800,0.6634668418831509,5,complex
801,-0.36212514560412407,5,complex
802,0.09063405715558658,5,complex
803,-0.3159351497412557,5,complex
804,-0.29090246834783573,5,complex
805,-0.18948369706112472,5,complex
806,0.23490830669277965,5,complex
807,-0.31299889733078184,5,complex
808,1.100181099101614,5,complex
809,-0.6477120800999749,5,complex
810,-0.056348034762508964,5,complex
811,-0.2631241758448072,5,complex
812,1.3647374415428,5,complex
813,0.30135248153683514,5,complex
814,1.051300422381317,5,complex
815,-1.178725591516246,5,complex
816,0.40182430086881327,5,complex
817,0.9853600923016379,5,complex
818,0.25630703248277437,5,complex
819,1.1895091885978204,5,complex
820,-0.2907429128846597,5,complex
821,1.561798576188418,5,complex
822,2.448864425624247,5,complex
823,-0.12550773283326364,5,complex
824,-0.2010249954854671,5,complex
825,1.703384477117701,5,complex
826,1.8552896686306515,5,complex
827,-0.2632146962664337,5,complex
828,-0.15260880589374992,5,complex
829,-0.0028391556023931175,5,complex
830,-1.1100715918996318,5,complex
831,-0.6622098367290423,5,complex
832,-0.7521289542666549,5,complex
833,-0.4969432853204632,5,complex
834,0.3023225681955397,5,complex
835,0.6065693846205833,5,complex
836,2.0725837700458243,5,complex
837,-0.7417200099025586,5,complex
838,1.4848991519680856,5,complex
839,0.14789925943979335,5,complex
840,0.3436026938200569,5,complex
841,1.1853085695712067,5,complex
842,-0.8796447008776098,5,complex
843,0.87596256682384,5,complex
844,0.635537070434799,5,complex
845,1.0326761934320925,5,complex
846,0.8045842082273515,5,complex
847,3.4163601678930733,5,complex
848,-0.2905841548908129,5,complex
849,-0.15598567631750115,5,complex
850,-0.263188163894985,5,complex
851,-0.17483818633606807,5,complex
852,-0.27097662360295116,5,complex
853,2.0150811713658534,5,complex
854,2.325546152671617,5,complex
855,-0.1719433017391473,5,complex
856,-0.4994156861807473,5,complex
857,1.1737064750001354,5,complex
858,-0.1314896221688735,5,complex
859,1.4103733981290811,5,complex
860,0.8645792491209561,5,complex
861,-1.377879770533378,5,complex
862,2.661299558068304,5,complex
863,3.012500964413751,5,complex
864,-0.17756208507385696,5,complex
865,0.12984377420025828,5,complex
866,1.0456534964680482,5,complex
867,1.123679262957766,5,complex
868,1.5781346446221458,5,complex
869,3.446253598788117,5,complex
870,0.4560950789674824,5,complex
871,-0.3961531096662707,5,complex
872,-1.201169376597219,5,complex
873,-0.29330205591868674,5,complex
874,0.6933862173072497,5,complex
875,3.2878880690501413,5,complex
876,0.0243361209644557,5,complex
877,1.0896331279598805,5,complex
878,0.756428709798617,5,complex
879,2.503925153133426,5,complex
880,4.461872979549707,5,complex
881,0.037043399270512034,5,complex
882,0.10401182182241797,5,complex
883,2.3645968149177072,5,complex
884,1.8468007190611466,5,complex
885,3.5891096150464104,5,complex
886,1.73003340100948,5,complex
887,0.33226083779885796,5,complex
888,1.7679489127115156,5,complex
889,2.564105694238563,5,complex
890,2.144322836816669,5,complex
891,1.6826567846820262,5,complex
892,2.5516985170611868,5,complex
893,2.726305970510659,5,complex
894,3.072291038785274,5,complex
895,1.9549770364619086,5,complex
896,0.7000252787279632,5,complex
897,1.1991741043833861,5,complex
898,2.872335372023695,5,complex
899,-0.296511581182924,5,complex
900,1.582923684274566,5,complex
901,0.3855939929553779,5,complex
902,1.065811709286024,5,complex
903,3.0755229801716784,5,complex
904,1.3469505543227365,5,complex
905,1.12487668403523,5,complex
906,-1.1411194554819803,5,complex
907,2.282518526000336,5,complex
908,2.132752840297736,5,complex
909,4.6314006091349045,5,complex
910,0.5942687540213495,5,complex
911,1.4714319795388562,5,complex
912,1.5328034489453064,5,complex
913,3.7506622112643315,5,complex
914,0.9811105950344797,5,complex
915,1.6168923143091807,5,complex
916,2.1808318321849356,5,complex
917,1.484479284151317,5,complex
918,0.42501225142797305,5,complex
919,1.5193816403332212,5,complex
920,3.0283289883087705,5,complex
921,-0.5441101125587691,5,complex
922,1.4479954970467959,5,complex
923,0.025466604733255016,5,complex
924,3.3029703359495493,5,complex
925,-1.3882371085090757,5,complex
926,0.2886973866504817,5,complex
927,1.9276913774838946,5,complex
928,4.018548591406948,5,complex
929,1.1746087601245596,5,complex
930,0.3224703611833094,5,complex
931,4.632785877860276,5,complex
932,-1.2458871688380617,5,complex
933,-2.578682965678175,5,complex
934,2.1246581661419466,5,complex
935,0.451898100765305,5,complex
936,-0.47253677263154503,5,complex
937,2.645041605138836,5,complex
938,1.8201936494262816,5,complex
939,0.3684101500971453,5,complex
940,-0.925788439593106,5,complex
941,2.9996929079867902,5,complex
942,2.6082860134979677,5,complex
943,1.2482076388473393,5,complex
944,4.835000809967676,5,complex
945,-0.5231388152431671,5,complex
946,-1.3611906176590303,5,complex
947,0.18670170519331153,5,complex
948,1.3952051079982617,5,complex
949,1.9439438564805287,5,complex
950,1.0486886610828188,5,complex
951,2.1705144720566176,5,complex
952,-0.8347573746083556,5,complex
953,4.254089606791661,5,complex
954,1.3845626760446197,5,complex
955,3.669919788818232,5,complex
956,2.212079443196898,5,complex
957,2.44142960224836,5,complex
958,2.670028989642442,5,complex
959,2.4488539301551935,5,complex
960,2.8363019131229574,5,complex
961,4.173576561737467,5,complex
962,2.000053854508436,5,complex
963,3.0048092937977287,5,complex
964,1.4655338701798653,5,complex
965,4.457305266280991,5,complex
966,0.3380034013626032,5,complex
967,5.199108094222831,5,complex
968,1.6011021454041963,5,complex
969,-1.1283001054221913,5,complex
970,1.9529859489508834,5,complex
971,0.361586513051287,5,complex
972,3.3886298005363704,5,complex
973,0.4312946788791805,5,complex
974,0.849866846376451,5,complex
975,-2.029081461891062,5,complex
976,0.8531286497748185,5,complex
977,-3.1019371506454543,5,complex
978,-1.4114757567995013,5,complex
979,3.3259623149864463,5,complex
980,3.3911240511903085,5,complex
981,2.673584532020826,5,complex
982,-0.14750538655362755,5,complex
983,1.7326875456048279,5,complex
984,1.8326345914289752,5,complex
985,-0.523941187836416,5,complex
986,4.948376796126374,5,complex
987,3.676599528683256,5,complex
988,1.4239350839462408,5,complex
989,1.9456218562124863,5,complex
990,2.332111787604618,5,complex
991,-2.333666233234994,5,complex
992,1.4050635985045887,5,complex
993,0.5059750833308236,5,complex
994,-0.1562353831790646,5,complex
995,1.3603590511959787,5,complex
996,5.739419488726813,5,complex
997,3.320339699259332,5,complex
998,-10.853084885268133,5,complex
999,-8.424899106447493,5,complex
